,_id,pageid,ns,title,type,category_id,category_title,download
0,60b36bb4f25e4f45f45ff5de,22911,0,Geografia da Argentina,page,67826,Categoria:Geografia da Argentina,Waiting
1,60b36bb4f25e4f45f45ff5df,1996157,0,Banco Namuncurá,page,67826,Categoria:Geografia da Argentina,Waiting
2,60b36bb4f25e4f45f45ff5e0,1393635,0,Campo de gelo do sul da Patagónia,page,67826,Categoria:Geografia da Argentina,Waiting
3,60b36bb4f25e4f45f45ff5e1,3425259,0,Cerro de la Gloria,page,67826,Categoria:Geografia da Argentina,Waiting
4,60b36bb4f25e4f45f45ff5e2,1753443,0,Chaco Austral,page,67826,Categoria:Geografia da Argentina,Waiting
5,60b36bb4f25e4f45f45ff5e3,1418577,0,Cueva de las Manos,page,67826,Categoria:Geografia da Argentina,Waiting
6,60b36bb4f25e4f45f45ff5e4,4946401,0,Formação de La Colónia,page,67826,Categoria:Geografia da Argentina,Waiting
7,60b36bb4f25e4f45f45ff5e5,2147986,0,ISO 3166-2:AR,page,67826,Categoria:Geografia da Argentina,Waiting
8,60b36bb4f25e4f45f45ff5e6,5920759,0,Patagônides,page,67826,Categoria:Geografia da Argentina,Waiting
9,60b36bb4f25e4f45f45ff5e7,2305786,0,Pré-cordilheira,page,67826,Categoria:Geografia da Argentina,Waiting
10,60b36bb4f25e4f45f45ff5e8,1990988,0,Puerto Belgrano,page,67826,Categoria:Geografia da Argentina,Waiting
11,60b36bb4f25e4f45f45ff5e9,408691,0,Puna atacamenha,page,67826,Categoria:Geografia da Argentina,Waiting
12,60b36bb4f25e4f45f45ff5ea,3211481,0,Região das Águas Grandes,page,67826,Categoria:Geografia da Argentina,Waiting
13,60b36bb4f25e4f45f45ff5eb,3242059,0,Região Norte Grande Argentino,page,67826,Categoria:Geografia da Argentina,Waiting
14,60b36bb4f25e4f45f45ff5ec,3211464,0,Região das Serras Centrais,page,67826,Categoria:Geografia da Argentina,Waiting
15,60b36bb4f25e4f45f45ff5ed,3211493,0,Região do Sul (Argentina),page,67826,Categoria:Geografia da Argentina,Waiting
16,60b36e43f25e4f45f45ff5fd,2485386,0,Parque Provincial Aconcágua,page,2151516,Categoria:Parques da Argentina,Waiting
17,60b36e43f25e4f45f45ff5fe,2485379,0,Parque General San Martín,page,2151516,Categoria:Parques da Argentina,Waiting
18,60b36e43f25e4f45f45ff5ff,2151506,0,Paseo del Bosque,page,2151516,Categoria:Parques da Argentina,Waiting
19,60b36e43f25e4f45f45ff600,3674609,0,Vía Christi en Junín de los Andes,page,2151516,Categoria:Parques da Argentina,Waiting
20,60b36ec7f25e4f45f45ff604,1734697,0,Parques nacionais da Argentina,page,1150382,Categoria:Parques nacionais da Argentina,Waiting
21,60b36ec7f25e4f45f45ff605,1489601,0,Parque Nacional Campo de los Alisos,page,1150382,Categoria:Parques nacionais da Argentina,Waiting
22,60b36ec7f25e4f45f45ff606,1489569,0,Parque Nacional Baritú,page,1150382,Categoria:Parques nacionais da Argentina,Waiting
23,60b36ec7f25e4f45f45ff607,1317301,0,Parque Nacional Calilegua,page,1150382,Categoria:Parques nacionais da Argentina,Waiting
24,60b36ec7f25e4f45f45ff608,1489640,0,Parque Nacional Chaco,page,1150382,Categoria:Parques nacionais da Argentina,Waiting
25,60b36ec7f25e4f45f45ff609,1869796,0,Parque Nacional Copo,page,1150382,Categoria:Parques nacionais da Argentina,Waiting
26,60b36ec7f25e4f45f45ff60a,1317268,0,Parque Nacional El Leoncito,page,1150382,Categoria:Parques nacionais da Argentina,Waiting
27,60b36ec7f25e4f45f45ff60b,1869820,0,Parque Nacional El Rey,page,1150382,Categoria:Parques nacionais da Argentina,Waiting
28,60b36ec7f25e4f45f45ff60c,104919,0,Parque Nacional Iguazú,page,1150382,Categoria:Parques nacionais da Argentina,Waiting
29,60b36ec7f25e4f45f45ff60d,1869856,0,Parque Nacional Lago Puelo,page,1150382,Categoria:Parques nacionais da Argentina,Waiting
30,60b36ec7f25e4f45f45ff60e,1315916,0,Parque Nacional Laguna Blanca,page,1150382,Categoria:Parques nacionais da Argentina,Waiting
31,60b36ec7f25e4f45f45ff60f,1318624,0,Parque Nacional Lanín,page,1150382,Categoria:Parques nacionais da Argentina,Waiting
32,60b36ec7f25e4f45f45ff610,2178065,0,Parque Nacional Lihué Calel,page,1150382,Categoria:Parques nacionais da Argentina,Waiting
33,60b36ec7f25e4f45f45ff611,1489803,0,Parque Nacional Los Alerces,page,1150382,Categoria:Parques nacionais da Argentina,Waiting
34,60b36ec7f25e4f45f45ff612,2567523,0,Parque Nacional Los Arrayanes,page,1150382,Categoria:Parques nacionais da Argentina,Waiting
35,60b36ec7f25e4f45f45ff613,1315769,0,Parque Nacional El Palmar,page,1150382,Categoria:Parques nacionais da Argentina,Waiting
36,60b36ec7f25e4f45f45ff614,1309774,0,Parque Nacional Los Cardones,page,1150382,Categoria:Parques nacionais da Argentina,Waiting
37,60b36ec7f25e4f45f45ff615,1308949,0,Parque Nacional Los Glaciares,page,1150382,Categoria:Parques nacionais da Argentina,Waiting
38,60b36ec7f25e4f45f45ff616,1870967,0,Parque Nacional Mburucuyá,page,1150382,Categoria:Parques nacionais da Argentina,Waiting
39,60b36ec7f25e4f45f45ff617,5003386,0,Parque Nacional Monte León,page,1150382,Categoria:Parques nacionais da Argentina,Waiting
40,60b36ec7f25e4f45f45ff618,2192922,0,Parque Nacional Nahuel Huapi,page,1150382,Categoria:Parques nacionais da Argentina,Waiting
41,60b36ec7f25e4f45f45ff619,6433859,0,Parque Nacional Campos del Tuyú,page,1150382,Categoria:Parques nacionais da Argentina,Waiting
42,60b36ec7f25e4f45f45ff61a,6432821,0,Parque Nacional das Ilhas de Santa Fe,page,1150382,Categoria:Parques nacionais da Argentina,Waiting
43,60b36ec7f25e4f45f45ff61b,2192966,0,Parque Nacional Perito Moreno,page,1150382,Categoria:Parques nacionais da Argentina,Waiting
44,60b36ec7f25e4f45f45ff61c,1309746,10,Predefinição:Parquesnacionais-arg,page,1150382,Categoria:Parques nacionais da Argentina,Waiting
45,60b36ec7f25e4f45f45ff61d,5002509,0,Parque Nacional Predelta,page,1150382,Categoria:Parques nacionais da Argentina,Waiting
46,60b36ec7f25e4f45f45ff61e,1871037,0,Parque Nacional Quebrada del Condorito,page,1150382,Categoria:Parques nacionais da Argentina,Waiting
47,60b36ec7f25e4f45f45ff61f,1870992,0,Parque Nacional Río Pilcomayo,page,1150382,Categoria:Parques nacionais da Argentina,Waiting
48,60b36ec7f25e4f45f45ff620,1870941,0,Parque Nacional San Guillermo,page,1150382,Categoria:Parques nacionais da Argentina,Waiting
49,60b36ec7f25e4f45f45ff621,1871047,0,Parque Nacional Sierra de las Quijadas,page,1150382,Categoria:Parques nacionais da Argentina,Waiting
50,60b36ec7f25e4f45f45ff622,1309677,0,Parque Nacional da Terra do Fogo,page,1150382,Categoria:Parques nacionais da Argentina,Waiting
51,60b37241f25e4f45f45ff623,3908992,0,Altiplano andino,page,1859203,Categoria:Acidentes geográficos da Argentina,Waiting
52,60b37241f25e4f45f45ff624,3031496,0,Quebrada das Conchas,page,1859203,Categoria:Acidentes geográficos da Argentina,Waiting
53,60b37241f25e4f45f45ff625,4289618,0,Esteros del Iberá,page,1859203,Categoria:Acidentes geográficos da Argentina,Waiting
54,60b37241f25e4f45f45ff626,6573561,0,Falha Magalhães-Fagnano,page,1859203,Categoria:Acidentes geográficos da Argentina,Waiting
55,60b37241f25e4f45f45ff627,998467,0,Serra Geral (sul do Brasil),page,1859203,Categoria:Acidentes geográficos da Argentina,Waiting
56,60b37431f25e4f45f45ff639,1526658,0,Monumentos naturais da Argentina,page,2061830,Categoria:Monumentos naturais da Argentina,Waiting
57,60b37431f25e4f45f45ff63a,1529886,0,Baleia-franca-austral,page,2061830,Categoria:Monumentos naturais da Argentina,Waiting
58,60b37431f25e4f45f45ff63b,1904276,0,Monumento Natural Bosques Petrificados,page,2061830,Categoria:Monumentos naturais da Argentina,Waiting
59,60b37431f25e4f45f45ff63c,1939437,0,Huemul,page,2061830,Categoria:Monumentos naturais da Argentina,Waiting
60,60b37431f25e4f45f45ff63d,4703,0,Panthera onca,page,2061830,Categoria:Monumentos naturais da Argentina,Waiting
61,60b37432f25e4f45f45ff63e,5359597,0,Lista de vulcões da Argentina,page,5359762,Categoria:Listas de acidentes geográficos da Argentina,Waiting
62,60b37434f25e4f45f45ff63f,2912666,0,Cabo Vírgenes,page,2912659,Categoria:Cabos da Argentina,Waiting
63,60b37436f25e4f45f45ff640,2865421,0,Deserto de Monte,page,2867326,Categoria:Desertos da Argentina,Waiting
64,60b37436f25e4f45f45ff641,2865241,0,Deserto da Patagônia,page,2867326,Categoria:Desertos da Argentina,Waiting
65,60b37437f25e4f45f45ff642,180353,0,Estreito de Beagle,page,3262356,Categoria:Estreitos da Argentina,Waiting
66,60b37437f25e4f45f45ff643,811600,0,Estreito de Le Maire,page,3262356,Categoria:Estreitos da Argentina,Waiting
67,60b37439f25e4f45f45ff644,1166162,0,Geleira Perito Moreno,page,3460824,Categoria:Glaciares da Argentina,Waiting
68,60b37439f25e4f45f45ff645,2151536,0,Glaciar Spegazzini,page,3460824,Categoria:Glaciares da Argentina,Waiting
69,60b37439f25e4f45f45ff646,2192702,0,Glaciar Upsala,page,3460824,Categoria:Glaciares da Argentina,Waiting
70,60b3743af25e4f45f45ff647,2192825,0,Lago Buenos Aires/General Carrera,page,2061798,Categoria:Lagos da Argentina,Waiting
71,60b3743af25e4f45f45ff648,1920214,0,Laguna del Carbón,page,2061798,Categoria:Lagos da Argentina,Waiting
72,60b3743af25e4f45f45ff649,3611548,0,Mar Chiquita,page,2061798,Categoria:Lagos da Argentina,Waiting
73,60b3743af25e4f45f45ff64a,3459250,0,Lago Lácar,page,2061798,Categoria:Lagos da Argentina,Waiting
74,60b3743af25e4f45f45ff64b,2192686,0,Lago Argentino,page,2061798,Categoria:Lagos da Argentina,Waiting
75,60b3743af25e4f45f45ff64c,6571720,0,Lago Fagnano,page,2061798,Categoria:Lagos da Argentina,Waiting
76,60b3743af25e4f45f45ff64d,144034,0,Lago Nahuel Huapi,page,2061798,Categoria:Lagos da Argentina,Waiting
77,60b3743af25e4f45f45ff64e,4632624,0,Lago O'Higgins/San Martín,page,2061798,Categoria:Lagos da Argentina,Waiting
78,60b3743cf25e4f45f45ff64f,28983,0,Aconcágua,page,575725,Categoria:Montanhas da Argentina,Waiting
79,60b3743cf25e4f45f45ff650,847861,0,Aconquija,page,575725,Categoria:Montanhas da Argentina,Waiting
80,60b3743cf25e4f45f45ff651,575724,0,Cerro Bayo,page,575725,Categoria:Montanhas da Argentina,Waiting
81,60b3743cf25e4f45f45ff652,757274,0,Cerro Bonete,page,575725,Categoria:Montanhas da Argentina,Waiting
82,60b3743cf25e4f45f45ff653,1634725,0,Cerro Catedral,page,575725,Categoria:Montanhas da Argentina,Waiting
83,60b3743cf25e4f45f45ff654,3871037,0,Cerro de los Siete Colores,page,575725,Categoria:Montanhas da Argentina,Waiting
84,60b3743cf25e4f45f45ff655,3958758,0,Cerro del Bolsón,page,575725,Categoria:Montanhas da Argentina,Waiting
85,60b3743cf25e4f45f45ff656,6294292,0,Cerro El Muerto,page,575725,Categoria:Montanhas da Argentina,Waiting
86,60b3743cf25e4f45f45ff657,575728,0,Cerro Escorial,page,575725,Categoria:Montanhas da Argentina,Waiting
87,60b3743cf25e4f45f45ff658,3256251,0,Cerro de la Majadita,page,575725,Categoria:Montanhas da Argentina,Waiting
88,60b3743cf25e4f45f45ff659,649225,0,Cerro Torre,page,575725,Categoria:Montanhas da Argentina,Waiting
89,60b3743cf25e4f45f45ff65a,4077139,0,Cerro Zapaleri,page,575725,Categoria:Montanhas da Argentina,Waiting
90,60b3743cf25e4f45f45ff65b,4818750,0,Chañi,page,575725,Categoria:Montanhas da Argentina,Waiting
91,60b3743cf25e4f45f45ff65c,4028692,0,Vulcão Copahue,page,575725,Categoria:Montanhas da Argentina,Waiting
92,60b3743cf25e4f45f45ff65d,575729,0,Cordón del Azufre,page,575725,Categoria:Montanhas da Argentina,Waiting
93,60b3743cf25e4f45f45ff65e,575730,0,Falso Azufre,page,575725,Categoria:Montanhas da Argentina,Waiting
94,60b3743cf25e4f45f45ff65f,588018,0,Monte Fitz Roy,page,575725,Categoria:Montanhas da Argentina,Waiting
95,60b3743cf25e4f45f45ff660,575714,0,Galán,page,575725,Categoria:Montanhas da Argentina,Waiting
96,60b3743cf25e4f45f45ff661,575716,0,Incahuasi,page,575725,Categoria:Montanhas da Argentina,Waiting
97,60b3743cf25e4f45f45ff662,575731,0,Lastarria,page,575725,Categoria:Montanhas da Argentina,Waiting
98,60b3743cf25e4f45f45ff663,575721,0,Llullaillaco,page,575725,Categoria:Montanhas da Argentina,Waiting
99,60b3743cf25e4f45f45ff664,575713,0,Mercedario,page,575725,Categoria:Montanhas da Argentina,Waiting
100,60b3743cf25e4f45f45ff665,5365948,0,Monte Parofes,page,575725,Categoria:Montanhas da Argentina,Waiting
101,60b3743cf25e4f45f45ff666,6300828,0,Nevado de Cachi,page,575725,Categoria:Montanhas da Argentina,Waiting
102,60b3743cf25e4f45f45ff667,6293711,0,Nevado Juncal,page,575725,Categoria:Montanhas da Argentina,Waiting
103,60b3743cf25e4f45f45ff668,575736,0,Nevado Tres Cruces,page,575725,Categoria:Montanhas da Argentina,Waiting
104,60b3743cf25e4f45f45ff669,158914,0,Ojos del Salado,page,575725,Categoria:Montanhas da Argentina,Waiting
105,60b3743cf25e4f45f45ff66a,575705,0,Monte Pissis,page,575725,Categoria:Montanhas da Argentina,Waiting
106,60b3743cf25e4f45f45ff66b,4255725,0,Monte San Lorenzo,page,575725,Categoria:Montanhas da Argentina,Waiting
107,60b3743cf25e4f45f45ff66c,575735,0,Sierra Nevada de Lagunas Bravas,page,575725,Categoria:Montanhas da Argentina,Waiting
108,60b3743cf25e4f45f45ff66d,115393,0,Socompa,page,575725,Categoria:Montanhas da Argentina,Waiting
109,60b3743cf25e4f45f45ff66e,192624,0,Tupungato,page,575725,Categoria:Montanhas da Argentina,Waiting
110,60b3743cf25e4f45f45ff66f,5402994,0,Vulcão Walther Penck,page,575725,Categoria:Montanhas da Argentina,Waiting
111,60b3743ef25e4f45f45ff670,1980570,0,Túnel do Cristo Redentor,page,3472174,Categoria:Passos de montanha da Argentina,Waiting
112,60b3743ef25e4f45f45ff671,6281633,0,Passagem Cardeal Antonio Samoré,page,3472174,Categoria:Passos de montanha da Argentina,Waiting
113,60b3743ef25e4f45f45ff672,6554990,0,Passo de Jama,page,3472174,Categoria:Passos de montanha da Argentina,Waiting
114,60b3743ef25e4f45f45ff673,4799588,0,Passo Pichachén,page,3472174,Categoria:Passos de montanha da Argentina,Waiting
115,60b3743ef25e4f45f45ff674,3044076,0,Paso Internacional Los Libertadores,page,3472174,Categoria:Passos de montanha da Argentina,Waiting
116,60b3743ef25e4f45f45ff675,2336626,0,Passo de Pino Hachado,page,3472174,Categoria:Passos de montanha da Argentina,Waiting
117,60b3743ff25e4f45f45ff676,5359597,0,Lista de vulcões da Argentina,page,1134166,Categoria:Vulcões da Argentina,Waiting
118,60b3743ff25e4f45f45ff677,3382883,0,Antofalla,page,1134166,Categoria:Vulcões da Argentina,Waiting
119,60b3743ff25e4f45f45ff678,2816405,0,Vulcão Batea Mahuida,page,1134166,Categoria:Vulcões da Argentina,Waiting
120,60b3743ff25e4f45f45ff679,1687645,0,Caldeira de Vilama,page,1134166,Categoria:Vulcões da Argentina,Waiting
121,60b3743ff25e4f45f45ff67a,757274,0,Cerro Bonete,page,1134166,Categoria:Vulcões da Argentina,Waiting
122,60b3743ff25e4f45f45ff67b,6293504,0,Cerro El Cóndor,page,1134166,Categoria:Vulcões da Argentina,Waiting
123,60b3743ff25e4f45f45ff67c,4028692,0,Vulcão Copahue,page,1134166,Categoria:Vulcões da Argentina,Waiting
124,60b3743ff25e4f45f45ff67d,575729,0,Cordón del Azufre,page,1134166,Categoria:Vulcões da Argentina,Waiting
125,60b3743ff25e4f45f45ff67e,1918167,0,Lanin,page,1134166,Categoria:Vulcões da Argentina,Waiting
126,60b3743ff25e4f45f45ff67f,575731,0,Lastarria,page,1134166,Categoria:Vulcões da Argentina,Waiting
127,60b3743ff25e4f45f45ff680,575721,0,Llullaillaco,page,1134166,Categoria:Vulcões da Argentina,Waiting
128,60b3743ff25e4f45f45ff681,5365948,0,Monte Parofes,page,1134166,Categoria:Vulcões da Argentina,Waiting
129,60b3743ff25e4f45f45ff682,6295242,0,Nevado San Francisco,page,1134166,Categoria:Vulcões da Argentina,Waiting
130,60b3743ff25e4f45f45ff683,158914,0,Ojos del Salado,page,1134166,Categoria:Vulcões da Argentina,Waiting
131,60b3743ff25e4f45f45ff684,575705,0,Monte Pissis,page,1134166,Categoria:Vulcões da Argentina,Waiting
132,60b3743ff25e4f45f45ff685,575735,0,Sierra Nevada de Lagunas Bravas,page,1134166,Categoria:Vulcões da Argentina,Waiting
133,60b3743ff25e4f45f45ff686,115393,0,Socompa,page,1134166,Categoria:Vulcões da Argentina,Waiting
134,60b3743ff25e4f45f45ff687,192624,0,Tupungato,page,1134166,Categoria:Vulcões da Argentina,Waiting
135,60b3743ff25e4f45f45ff688,5402994,0,Vulcão Walther Penck,page,1134166,Categoria:Vulcões da Argentina,Waiting
136,60b377eaf25e4f45f45ff68a,5952,0,História da Argentina,page,148415,Categoria:História da Argentina,Waiting
137,60b377eaf25e4f45f45ff68b,2249347,0,Acordo de San Nicolás,page,148415,Categoria:História da Argentina,Waiting
138,60b377eaf25e4f45f45ff68c,3646455,0,Amistad (1813),page,148415,Categoria:História da Argentina,Waiting
139,60b377eaf25e4f45f45ff68d,5605056,0,Antiperonismo,page,148415,Categoria:História da Argentina,Waiting
140,60b377eaf25e4f45f45ff68e,1388556,0,Assembleia do ano XIII,page,148415,Categoria:História da Argentina,Waiting
141,60b377eaf25e4f45f45ff68f,1159492,0,Associação Mutual Israelita Argentina,page,148415,Categoria:História da Argentina,Waiting
142,60b377eaf25e4f45f45ff690,649277,0,Juan de Ayolas,page,148415,Categoria:História da Argentina,Waiting
143,60b377eaf25e4f45f45ff691,1603076,0,Batalha de Famaillá,page,148415,Categoria:História da Argentina,Waiting
144,60b377eaf25e4f45f45ff692,1603070,0,Batalha de Pago Largo,page,148415,Categoria:História da Argentina,Waiting
145,60b377eaf25e4f45f45ff693,1603079,0,Batalha de Quebracho Herrado,page,148415,Categoria:História da Argentina,Waiting
146,60b377eaf25e4f45f45ff694,1243608,0,Batalha da Vuelta de Obligado,page,148415,Categoria:História da Argentina,Waiting
147,60b377eaf25e4f45f45ff695,5118545,0,Bicentenário da Argentina,page,148415,Categoria:História da Argentina,Waiting
148,60b377eaf25e4f45f45ff696,2484674,0,Bloqueio francês do rio da Prata,page,148415,Categoria:História da Argentina,Waiting
149,60b377eaf25e4f45f45ff697,2186601,0,Campanha do Deserto,page,148415,Categoria:História da Argentina,Waiting
150,60b377eaf25e4f45f45ff698,1602990,0,Coalición del Norte,page,148415,Categoria:História da Argentina,Waiting
151,60b377eaf25e4f45f45ff699,4458349,0,Collasuyo,page,148415,Categoria:História da Argentina,Waiting
152,60b377eaf25e4f45f45ff69a,1752223,0,Concepción de Buena Esperanza,page,148415,Categoria:História da Argentina,Waiting
153,60b377eaf25e4f45f45ff69b,995761,0,Confederação Argentina,page,148415,Categoria:História da Argentina,Waiting
154,60b377eaf25e4f45f45ff69c,433341,0,Conflito de Beagle,page,148415,Categoria:História da Argentina,Waiting
155,60b377eaf25e4f45f45ff69d,1989743,0,Congresso de Tucumã,page,148415,Categoria:História da Argentina,Waiting
156,60b377eaf25e4f45f45ff69e,1730589,0,Corralito,page,148415,Categoria:História da Argentina,Waiting
157,60b377eaf25e4f45f45ff69f,787771,0,Crise econômica argentina (1998-2002),page,148415,Categoria:História da Argentina,Waiting
158,60b377eaf25e4f45f45ff6a0,2895681,0,Década Infame,page,148415,Categoria:História da Argentina,Waiting
159,60b377eaf25e4f45f45ff6a1,1156776,0,Diego Flórez de Valdés,page,148415,Categoria:História da Argentina,Waiting
160,60b377eaf25e4f45f45ff6a2,1388569,0,Diretor Supremo,page,148415,Categoria:História da Argentina,Waiting
161,60b377eaf25e4f45f45ff6a3,1388470,0,Diretor Supremo das Províncias Unidas do Rio da Prata,page,148415,Categoria:História da Argentina,Waiting
162,60b377eaf25e4f45f45ff6a4,647761,0,Domingo Martínez de Irala,page,148415,Categoria:História da Argentina,Waiting
163,60b377eaf25e4f45f45ff6a5,1446329,0,Exército dos Andes,page,148415,Categoria:História da Argentina,Waiting
164,60b377eaf25e4f45f45ff6a6,1446651,0,Expedição Libertadora do Peru,page,148415,Categoria:História da Argentina,Waiting
165,60b377eaf25e4f45f45ff6a7,6574093,0,Facundo: Civilização e Barbárie,page,148415,Categoria:História da Argentina,Waiting
166,60b377eaf25e4f45f45ff6a8,3319601,0,Feira Tecnópolis,page,148415,Categoria:História da Argentina,Waiting
167,60b377eaf25e4f45f45ff6a9,482594,0,Juan de Garay,page,148415,Categoria:História da Argentina,Waiting
168,60b377eaf25e4f45f45ff6aa,5573099,0,Genocídio Selk'nam,page,148415,Categoria:História da Argentina,Waiting
169,60b377eaf25e4f45f45ff6ab,2107592,0,Golpes de Estado na Argentina,page,148415,Categoria:História da Argentina,Waiting
170,60b377eaf25e4f45f45ff6ac,1758252,0,Guacara (encomienda),page,148415,Categoria:História da Argentina,Waiting
171,60b377eaf25e4f45f45ff6ad,2484924,0,Guerra entre Argentina e Confederação Peruano-Boliviana,page,148415,Categoria:História da Argentina,Waiting
172,60b377eaf25e4f45f45ff6ae,2861904,0,Guerra Gaúcha,page,148415,Categoria:História da Argentina,Waiting
173,60b377eaf25e4f45f45ff6af,5445732,0,Hilario Lagos,page,148415,Categoria:História da Argentina,Waiting
174,60b377eaf25e4f45f45ff6b0,2120315,0,Imigração na Argentina,page,148415,Categoria:História da Argentina,Waiting
175,60b377eaf25e4f45f45ff6b1,3626616,0,Imigração italiana na Argentina,page,148415,Categoria:História da Argentina,Waiting
176,60b377eaf25e4f45f45ff6b2,608635,0,Guerras de independência na América espanhola,page,148415,Categoria:História da Argentina,Waiting
177,60b377eaf25e4f45f45ff6b3,3060942,0,Invasões Britânicas,page,148415,Categoria:História da Argentina,Waiting
178,60b377eaf25e4f45f45ff6b4,5445727,0,Jerónimo Costa,page,148415,Categoria:História da Argentina,Waiting
179,60b377eaf25e4f45f45ff6b5,1167843,0,José María Paz,page,148415,Categoria:História da Argentina,Waiting
180,60b377eaf25e4f45f45ff6b6,5702821,0,Julgamento das Juntas,page,148415,Categoria:História da Argentina,Waiting
181,60b377eaf25e4f45f45ff6b7,853824,0,Juan Lavalle,page,148415,Categoria:História da Argentina,Waiting
182,60b377eaf25e4f45f45ff6b8,1830012,0,Liga dos Povos Livres,page,148415,Categoria:História da Argentina,Waiting
183,60b377eaf25e4f45f45ff6b9,5818306,0,Livre navegação dos rios da Argentina,page,148415,Categoria:História da Argentina,Waiting
184,60b377eaf25e4f45f45ff6ba,5438434,0,Pablo Lucero,page,148415,Categoria:História da Argentina,Waiting
185,60b377eaf25e4f45f45ff6bb,5426930,0,Lucio Norberto Mansilla,page,148415,Categoria:História da Argentina,Waiting
186,60b377eaf25e4f45f45ff6bc,5826459,0,Luta dos Portos,page,148415,Categoria:História da Argentina,Waiting
187,60b377eaf25e4f45f45ff6bd,5438414,0,Manuel López,page,148415,Categoria:História da Argentina,Waiting
188,60b377eaf25e4f45f45ff6be,179587,0,María Estela Martínez de Perón,page,148415,Categoria:História da Argentina,Waiting
189,60b377eaf25e4f45f45ff6bf,5445723,0,Martiniano Chilavert,page,148415,Categoria:História da Argentina,Waiting
190,60b377eaf25e4f45f45ff6c0,1762400,0,Matará (encomienda),page,148415,Categoria:História da Argentina,Waiting
191,60b377eaf25e4f45f45ff6c1,185657,0,Bartolomé Mitre,page,148415,Categoria:História da Argentina,Waiting
192,60b377eaf25e4f45f45ff6c2,647639,0,Montoneros,page,148415,Categoria:História da Argentina,Waiting
193,60b377eaf25e4f45f45ff6c3,4105193,0,Pânico de 1890,page,148415,Categoria:História da Argentina,Waiting
194,60b377eaf25e4f45f45ff6c4,1602983,0,Partido Federal (Argentina),page,148415,Categoria:História da Argentina,Waiting
195,60b377eaf25e4f45f45ff6c5,258319,0,Partido Justicialista,page,148415,Categoria:História da Argentina,Waiting
196,60b377eaf25e4f45f45ff6c6,1160806,0,Partido Unitário,page,148415,Categoria:História da Argentina,Waiting
197,60b377eaf25e4f45f45ff6c7,1602940,0,Pascual Echagüe,page,148415,Categoria:História da Argentina,Waiting
198,60b377eaf25e4f45f45ff6c8,1603060,0,Pedro Ferré,page,148415,Categoria:História da Argentina,Waiting
199,60b377eaf25e4f45f45ff6c9,647748,0,Pedro de Mendoza,page,148415,Categoria:História da Argentina,Waiting
200,60b377eaf25e4f45f45ff6ca,192430,0,Roque Sáenz Peña,page,148415,Categoria:História da Argentina,Waiting
201,60b377eaf25e4f45f45ff6cb,479742,0,Plaza de Mayo,page,148415,Categoria:História da Argentina,Waiting
202,60b377eaf25e4f45f45ff6cc,5417217,0,Primeira Junta,page,148415,Categoria:História da Argentina,Waiting
203,60b377eaf25e4f45f45ff6cd,646445,0,Processo de Reorganização Nacional,page,148415,Categoria:História da Argentina,Waiting
204,60b377eaf25e4f45f45ff6ce,5428834,0,Pronunciamento de Urquiza,page,148415,Categoria:História da Argentina,Waiting
205,60b377eaf25e4f45f45ff6cf,6530222,0,Protocolo de 1893,page,148415,Categoria:História da Argentina,Waiting
206,60b377eaf25e4f45f45ff6d0,346988,0,Província Cisplatina,page,148415,Categoria:História da Argentina,Waiting
207,60b377eaf25e4f45f45ff6d1,1776447,0,Províncias Unidas do Rio da Prata,page,148415,Categoria:História da Argentina,Waiting
208,60b377eaf25e4f45f45ff6d2,886326,0,Juan Martín de Pueyrredón,page,148415,Categoria:História da Argentina,Waiting
209,60b377eaf25e4f45f45ff6d3,284067,0,Questão de Palmas,page,148415,Categoria:História da Argentina,Waiting
210,60b377eaf25e4f45f45ff6d4,5623888,0,Reforma Universitária de Córdoba,page,148415,Categoria:História da Argentina,Waiting
211,60b377eaf25e4f45f45ff6d5,2731262,0,Reino da Araucânia e Patagônia,page,148415,Categoria:História da Argentina,Waiting
212,60b377eaf25e4f45f45ff6d6,1758562,0,República de Entre Rios,page,148415,Categoria:História da Argentina,Waiting
213,60b377eaf25e4f45f45ff6d7,360190,0,Revolução Argentina,page,148415,Categoria:História da Argentina,Waiting
214,60b377eaf25e4f45f45ff6d8,2800658,0,Revolução de 11 de setembro de 1852,page,148415,Categoria:História da Argentina,Waiting
215,60b377eaf25e4f45f45ff6d9,1675420,0,Revolução de 43,page,148415,Categoria:História da Argentina,Waiting
216,60b377eaf25e4f45f45ff6da,2120189,0,Revolução de Chuquisaca,page,148415,Categoria:História da Argentina,Waiting
217,60b377eaf25e4f45f45ff6db,493898,0,Revolução de Maio,page,148415,Categoria:História da Argentina,Waiting
218,60b377eaf25e4f45f45ff6dc,2841365,0,Revolução do Parque,page,148415,Categoria:História da Argentina,Waiting
219,60b377eaf25e4f45f45ff6dd,2708166,0,Revolução Libertadora (Argentina),page,148415,Categoria:História da Argentina,Waiting
220,60b377eaf25e4f45f45ff6de,206396,0,Bernardino Rivadavia,page,148415,Categoria:História da Argentina,Waiting
221,60b377eaf25e4f45f45ff6df,649286,0,Diego de Rojas,page,148415,Categoria:História da Argentina,Waiting
222,60b377eaf25e4f45f45ff6e0,2507332,0,Rosariazo,page,148415,Categoria:História da Argentina,Waiting
223,60b377eaf25e4f45f45ff6e1,2090782,0,Cornelio Saavedra,page,148415,Categoria:História da Argentina,Waiting
224,60b377eaf25e4f45f45ff6e2,1418450,0,San Ignacio Miní,page,148415,Categoria:História da Argentina,Waiting
225,60b377eaf25e4f45f45ff6e3,1414310,0,Santa María la Mayor,page,148415,Categoria:História da Argentina,Waiting
226,60b377eaf25e4f45f45ff6e4,127404,0,Domingo Faustino Sarmiento,page,148415,Categoria:História da Argentina,Waiting
227,60b377eaf25e4f45f45ff6e5,1753700,0,Senda macomita,page,148415,Categoria:História da Argentina,Waiting
228,60b377eaf25e4f45f45ff6e6,2132589,0,Sol de Maio,page,148415,Categoria:História da Argentina,Waiting
229,60b377eaf25e4f45f45ff6e7,647769,0,Marcelo Torcuato de Alvear,page,148415,Categoria:História da Argentina,Waiting
230,60b377eaf25e4f45f45ff6e8,804942,0,Tratado do Rio de Janeiro (1828),page,148415,Categoria:História da Argentina,Waiting
231,60b377eaf25e4f45f45ff6e9,2840706,0,União Cívica (Argentina),page,148415,Categoria:História da Argentina,Waiting
232,60b377eaf25e4f45f45ff6ea,178650,0,José Félix Uriburu,page,148415,Categoria:História da Argentina,Waiting
233,60b377eaf25e4f45f45ff6eb,2939228,0,Vice-reis do Rio da Prata,page,148415,Categoria:História da Argentina,Waiting
234,60b377eaf25e4f45f45ff6ec,179062,0,Jorge Rafael Videla,page,148415,Categoria:História da Argentina,Waiting
235,60b377eaf25e4f45f45ff6ed,5438056,0,Benjamín Virasoro,page,148415,Categoria:História da Argentina,Waiting
236,60b377ecf25e4f45f45ff6ff,36255,0,Política da Argentina,page,178774,Categoria:Política da Argentina,Waiting
237,60b377ecf25e4f45f45ff700,1863697,0,Aborto na Argentina,page,178774,Categoria:Política da Argentina,Waiting
238,60b377ecf25e4f45f45ff701,2544623,0,Avós da Praça de Maio,page,178774,Categoria:Política da Argentina,Waiting
239,60b377ecf25e4f45f45ff702,492703,0,Câmara de Deputados da Nação Argentina,page,178774,Categoria:Política da Argentina,Waiting
240,60b377ecf25e4f45f45ff703,5750206,0,Chefe de Gabinete da Nação Argentina,page,178774,Categoria:Política da Argentina,Waiting
241,60b377ecf25e4f45f45ff704,488364,0,Congresso da Nação Argentina,page,178774,Categoria:Política da Argentina,Waiting
242,60b377ecf25e4f45f45ff705,6402442,0,Frente de Esquerda e dos Trabalhadores - Unidade,page,178774,Categoria:Política da Argentina,Waiting
243,60b377ecf25e4f45f45ff706,6149802,0,Frente de Todos,page,178774,Categoria:Política da Argentina,Waiting
244,60b377ecf25e4f45f45ff707,646539,0,Frente País Solidário,page,178774,Categoria:Política da Argentina,Waiting
245,60b377ecf25e4f45f45ff708,4432181,0,Frente para a Vitória,page,178774,Categoria:Política da Argentina,Waiting
246,60b377ecf25e4f45f45ff709,4282560,0,Irredentismo argentino,page,178774,Categoria:Política da Argentina,Waiting
247,60b377ecf25e4f45f45ff70a,3856269,0,Kirchnerismo,page,178774,Categoria:Política da Argentina,Waiting
248,60b377ecf25e4f45f45ff70b,4896405,0,Lista de prefeitos de Buenos Aires,page,178774,Categoria:Política da Argentina,Waiting
249,60b377ecf25e4f45f45ff70c,11593,0,Lista de presidentes da Argentina,page,178774,Categoria:Política da Argentina,Waiting
250,60b377ecf25e4f45f45ff70d,646542,0,Piquetero (Argentina),page,178774,Categoria:Política da Argentina,Waiting
251,60b377ecf25e4f45f45ff70e,2662958,0,Plano Cavallo,page,178774,Categoria:Política da Argentina,Waiting
252,60b377ecf25e4f45f45ff70f,523883,0,Presidente da Argentina,page,178774,Categoria:Política da Argentina,Waiting
253,60b377ecf25e4f45f45ff710,1675420,0,Revolução de 43,page,178774,Categoria:Política da Argentina,Waiting
254,60b377ecf25e4f45f45ff711,491455,0,Senado da Nação Argentina,page,178774,Categoria:Política da Argentina,Waiting
255,60b377ecf25e4f45f45ff712,2205916,0,Sistema Sáenz Peña,page,178774,Categoria:Política da Argentina,Waiting
256,60b377ecf25e4f45f45ff713,5456580,0,Unidade básica,page,178774,Categoria:Política da Argentina,Waiting
257,60b377ecf25e4f45f45ff714,5540365,0,Unidade Cidadã,page,178774,Categoria:Política da Argentina,Waiting
258,60b377edf25e4f45f45ff722,4377856,0,Diversidade sexual na Argentina,page,1861964,Categoria:Sociedade da Argentina,Waiting
259,60b377edf25e4f45f45ff723,646542,0,Piquetero (Argentina),page,1861964,Categoria:Sociedade da Argentina,Waiting
260,60b377eff25e4f45f45ff72e,2348634,0,9 de Julio (San Juan),page,199887,Categoria:!Esboços sobre geografia da Argentina,Waiting
261,60b377eff25e4f45f45ff72f,199880,0,25 de Mayo (Misiones),page,199887,Categoria:!Esboços sobre geografia da Argentina,Waiting
262,60b377eff25e4f45f45ff730,538065,0,Aarón Castellanos,page,199887,Categoria:!Esboços sobre geografia da Argentina,Waiting
263,60b377eff25e4f45f45ff731,2387727,0,Abasto,page,199887,Categoria:!Esboços sobre geografia da Argentina,Waiting
264,60b377eff25e4f45f45ff732,2560728,0,Abdón Castro Tolay,page,199887,Categoria:!Esboços sobre geografia da Argentina,Waiting
265,60b377eff25e4f45f45ff733,2348797,0,Abra Pampa,page,199887,Categoria:!Esboços sobre geografia da Argentina,Waiting
266,60b377eff25e4f45f45ff734,534190,0,Abramo,page,199887,Categoria:!Esboços sobre geografia da Argentina,Waiting
267,60b377eff25e4f45f45ff735,2182052,0,Acassuso,page,199887,Categoria:!Esboços sobre geografia da Argentina,Waiting
268,60b377eff25e4f45f45ff736,538066,0,Acebal (Santa Fé),page,199887,Categoria:!Esboços sobre geografia da Argentina,Waiting
269,60b377eff25e4f45f45ff737,529723,0,Achiras,page,199887,Categoria:!Esboços sobre geografia da Argentina,Waiting
270,60b377eff25e4f45f45ff738,847861,0,Aconquija,page,199887,Categoria:!Esboços sobre geografia da Argentina,Waiting
271,60b377eff25e4f45f45ff739,529724,0,Adelia María,page,199887,Categoria:!Esboços sobre geografia da Argentina,Waiting
272,60b377eff25e4f45f45ff73a,535412,0,Adolfo Alsina,page,199887,Categoria:!Esboços sobre geografia da Argentina,Waiting
273,60b377eff25e4f45f45ff73b,574375,0,Adolfo Alsina (departamento),page,199887,Categoria:!Esboços sobre geografia da Argentina,Waiting
274,60b377eff25e4f45f45ff73c,1830459,0,Adolfo Gonzales Chaves,page,199887,Categoria:!Esboços sobre geografia da Argentina,Waiting
275,60b377eff25e4f45f45ff73d,535414,0,Adolfo Gonzales Chaves (município),page,199887,Categoria:!Esboços sobre geografia da Argentina,Waiting
276,60b377eff25e4f45f45ff73e,535144,0,Adolfo Van Praet,page,199887,Categoria:!Esboços sobre geografia da Argentina,Waiting
277,60b377eff25e4f45f45ff73f,1127511,0,Adrogué,page,199887,Categoria:!Esboços sobre geografia da Argentina,Waiting
278,60b377eff25e4f45f45ff740,529725,0,Agua de Oro,page,199887,Categoria:!Esboços sobre geografia da Argentina,Waiting
279,60b377eff25e4f45f45ff741,538068,0,Aguará Grande,page,199887,Categoria:!Esboços sobre geografia da Argentina,Waiting
280,60b377eff25e4f45f45ff742,540745,0,Aguaray (Argentina),page,199887,Categoria:!Esboços sobre geografia da Argentina,Waiting
281,60b377eff25e4f45f45ff743,2258747,0,Aguirre (departamento),page,199887,Categoria:!Esboços sobre geografia da Argentina,Waiting
282,60b377eff25e4f45f45ff744,535145,0,Agustoni,page,199887,Categoria:!Esboços sobre geografia da Argentina,Waiting
283,60b377eff25e4f45f45ff745,2348755,0,Aimogasta,page,199887,Categoria:!Esboços sobre geografia da Argentina,Waiting
284,60b377eff25e4f45f45ff746,532701,0,Alarcón (Entre Ríos),page,199887,Categoria:!Esboços sobre geografia da Argentina,Waiting
285,60b377eff25e4f45f45ff747,199898,0,Alba Posse,page,199887,Categoria:!Esboços sobre geografia da Argentina,Waiting
286,60b377eff25e4f45f45ff748,2280131,0,Albardón (departamento),page,199887,Categoria:!Esboços sobre geografia da Argentina,Waiting
287,60b377eff25e4f45f45ff749,538071,0,Albarellos,page,199887,Categoria:!Esboços sobre geografia da Argentina,Waiting
288,60b377eff25e4f45f45ff74a,2258748,0,Alberdi (departamento),page,199887,Categoria:!Esboços sobre geografia da Argentina,Waiting
289,60b377eff25e4f45f45ff74b,1830491,0,Alberti (Buenos Aires),page,199887,Categoria:!Esboços sobre geografia da Argentina,Waiting
290,60b377eff25e4f45f45ff74c,532768,0,Alcaraz Norte,page,199887,Categoria:!Esboços sobre geografia da Argentina,Waiting
291,60b377eff25e4f45f45ff74d,532702,0,Alcaraz Sur,page,199887,Categoria:!Esboços sobre geografia da Argentina,Waiting
292,60b377eff25e4f45f45ff74e,529726,0,Alcira Gigena,page,199887,Categoria:!Esboços sobre geografia da Argentina,Waiting
293,60b377eff25e4f45f45ff74f,538077,0,Alcorta,page,199887,Categoria:!Esboços sobre geografia da Argentina,Waiting
294,60b377eff25e4f45f45ff750,538080,0,Aldao (San Lorenzo),page,199887,Categoria:!Esboços sobre geografia da Argentina,Waiting
295,60b377eff25e4f45f45ff751,532703,0,Aldea Asunción,page,199887,Categoria:!Esboços sobre geografia da Argentina,Waiting
296,60b377eff25e4f45f45ff752,532625,0,Aldea Brasilera,page,199887,Categoria:!Esboços sobre geografia da Argentina,Waiting
297,60b377eff25e4f45f45ff753,532769,0,Aldea Eigenfeld,page,199887,Categoria:!Esboços sobre geografia da Argentina,Waiting
298,60b377eff25e4f45f45ff754,532771,0,Aldea Grapschental,page,199887,Categoria:!Esboços sobre geografia da Argentina,Waiting
299,60b377eff25e4f45f45ff755,532637,0,Aldea María Luisa,page,199887,Categoria:!Esboços sobre geografia da Argentina,Waiting
300,60b377eff25e4f45f45ff756,532772,0,Aldea Salto,page,199887,Categoria:!Esboços sobre geografia da Argentina,Waiting
301,60b377eff25e4f45f45ff757,532705,0,Aldea San Antonio (Entre Ríos),page,199887,Categoria:!Esboços sobre geografia da Argentina,Waiting
302,60b377eff25e4f45f45ff758,532708,0,Aldea San Juan,page,199887,Categoria:!Esboços sobre geografia da Argentina,Waiting
303,60b377eff25e4f45f45ff759,530672,0,Aldea Santa María,page,199887,Categoria:!Esboços sobre geografia da Argentina,Waiting
304,60b377eff25e4f45f45ff75a,532640,0,Aldea Spatzenkutter,page,199887,Categoria:!Esboços sobre geografia da Argentina,Waiting
305,60b377eff25e4f45f45ff75b,532544,0,Aldea Valle María,page,199887,Categoria:!Esboços sobre geografia da Argentina,Waiting
306,60b377eff25e4f45f45ff75c,2349034,0,Alderetes,page,199887,Categoria:!Esboços sobre geografia da Argentina,Waiting
307,60b377eff25e4f45f45ff75d,538084,0,Alejandra (Santa Fé),page,199887,Categoria:!Esboços sobre geografia da Argentina,Waiting
308,60b377eff25e4f45f45ff75e,529727,0,Alejandro Roca,page,199887,Categoria:!Esboços sobre geografia da Argentina,Waiting
309,60b377eff25e4f45f45ff75f,529728,0,Alejo Ledesma,page,199887,Categoria:!Esboços sobre geografia da Argentina,Waiting
310,60b377eff25e4f45f45ff760,1866505,0,Alférez San Martín,page,199887,Categoria:!Esboços sobre geografia da Argentina,Waiting
311,60b377eff25e4f45f45ff761,534192,0,Algarrobo del Águila,page,199887,Categoria:!Esboços sobre geografia da Argentina,Waiting
312,60b377eff25e4f45f45ff762,529730,0,Alicia (Argentina),page,199887,Categoria:!Esboços sobre geografia da Argentina,Waiting
313,60b377eff25e4f45f45ff763,529731,0,Almafuerte (Córdova),page,199887,Categoria:!Esboços sobre geografia da Argentina,Waiting
314,60b377eff25e4f45f45ff764,199933,0,Almafuerte (Misiones),page,199887,Categoria:!Esboços sobre geografia da Argentina,Waiting
315,60b377eff25e4f45f45ff765,2248724,0,Almirante Brown (departamento),page,199887,Categoria:!Esboços sobre geografia da Argentina,Waiting
316,60b377eff25e4f45f45ff766,535416,0,Almirante Brown (município),page,199887,Categoria:!Esboços sobre geografia da Argentina,Waiting
317,60b377eff25e4f45f45ff767,529732,0,Alpa Corral,page,199887,Categoria:!Esboços sobre geografia da Argentina,Waiting
318,60b377eff25e4f45f45ff768,534193,0,Alpachiri,page,199887,Categoria:!Esboços sobre geografia da Argentina,Waiting
319,60b377eff25e4f45f45ff769,529733,0,Alta Gracia,page,199887,Categoria:!Esboços sobre geografia da Argentina,Waiting
320,60b377eff25e4f45f45ff76a,534196,0,Alta Italia,page,199887,Categoria:!Esboços sobre geografia da Argentina,Waiting
321,60b377eff25e4f45f45ff76b,2298686,0,Altamirano (Buenos Aires),page,199887,Categoria:!Esboços sobre geografia da Argentina,Waiting
322,60b377eff25e4f45f45ff76c,529734,0,Alto Alegre (Córdova),page,199887,Categoria:!Esboços sobre geografia da Argentina,Waiting
323,60b377eff25e4f45f45ff76d,530673,0,Alto de los Quebrachos,page,199887,Categoria:!Esboços sobre geografia da Argentina,Waiting
324,60b377eff25e4f45f45ff76e,2298716,0,Alto Los Cardales,page,199887,Categoria:!Esboços sobre geografia da Argentina,Waiting
325,60b377eff25e4f45f45ff76f,529736,0,Altos del Chipión,page,199887,Categoria:!Esboços sobre geografia da Argentina,Waiting
326,60b377eff25e4f45f45ff770,2348681,0,Aluminé (cidade),page,199887,Categoria:!Esboços sobre geografia da Argentina,Waiting
327,60b377eff25e4f45f45ff771,2261247,0,Aluminé (departamento),page,199887,Categoria:!Esboços sobre geografia da Argentina,Waiting
328,60b377eff25e4f45f45ff772,538087,0,Álvarez (Santa Fé),page,199887,Categoria:!Esboços sobre geografia da Argentina,Waiting
329,60b377eff25e4f45f45ff773,538088,0,Alvear (Santa Fé),page,199887,Categoria:!Esboços sobre geografia da Argentina,Waiting
330,60b377eff25e4f45f45ff774,1830472,0,Álzaga,page,199887,Categoria:!Esboços sobre geografia da Argentina,Waiting
331,60b377eff25e4f45f45ff775,2242458,0,Ambato (departamento),page,199887,Categoria:!Esboços sobre geografia da Argentina,Waiting
332,60b377eff25e4f45f45ff776,530674,0,Amboy (Córdova),page,199887,Categoria:!Esboços sobre geografia da Argentina,Waiting
333,60b377eff25e4f45f45ff777,538098,0,Ambrosetti (Santa Fé),page,199887,Categoria:!Esboços sobre geografia da Argentina,Waiting
334,60b377eff25e4f45f45ff778,530675,0,Ámbul,page,199887,Categoria:!Esboços sobre geografia da Argentina,Waiting
335,60b377eff25e4f45f45ff779,538103,0,Amenábar (Santa Fé),page,199887,Categoria:!Esboços sobre geografia da Argentina,Waiting
336,60b377eff25e4f45f45ff77a,2348757,0,Aminga,page,199887,Categoria:!Esboços sobre geografia da Argentina,Waiting
337,60b377eff25e4f45f45ff77b,530676,0,Ana Zumarán,page,199887,Categoria:!Esboços sobre geografia da Argentina,Waiting
338,60b377eff25e4f45f45ff77c,2352587,0,Ancasti,page,199887,Categoria:!Esboços sobre geografia da Argentina,Waiting
339,60b377eff25e4f45f45ff77d,2242467,0,Ancasti (departamento),page,199887,Categoria:!Esboços sobre geografia da Argentina,Waiting
340,60b377eff25e4f45f45ff77e,2348694,0,Andacollo (Argentina),page,199887,Categoria:!Esboços sobre geografia da Argentina,Waiting
341,60b377eff25e4f45f45ff77f,2352600,0,Andalgalá,page,199887,Categoria:!Esboços sobre geografia da Argentina,Waiting
342,60b377eff25e4f45f45ff780,2242468,0,Andalgalá (departamento),page,199887,Categoria:!Esboços sobre geografia da Argentina,Waiting
343,60b377eff25e4f45f45ff781,2348682,0,Añelo,page,199887,Categoria:!Esboços sobre geografia da Argentina,Waiting
344,60b377eff25e4f45f45ff782,2261250,0,Añelo (departamento),page,199887,Categoria:!Esboços sobre geografia da Argentina,Waiting
345,60b377eff25e4f45f45ff783,2280133,0,Angaco (departamento),page,199887,Categoria:!Esboços sobre geografia da Argentina,Waiting
346,60b377eff25e4f45f45ff784,540768,0,Angastaco,page,199887,Categoria:!Esboços sobre geografia da Argentina,Waiting
347,60b377eff25e4f45f45ff785,538104,0,Angélica (Castellanos),page,199887,Categoria:!Esboços sobre geografia da Argentina,Waiting
348,60b377eff25e4f45f45ff786,534198,0,Anguil,page,199887,Categoria:!Esboços sobre geografia da Argentina,Waiting
349,60b377eff25e4f45f45ff787,1149330,0,Anillaco,page,199887,Categoria:!Esboços sobre geografia da Argentina,Waiting
350,60b377eff25e4f45f45ff788,530677,0,Anisacate,page,199887,Categoria:!Esboços sobre geografia da Argentina,Waiting
351,60b377eff25e4f45f45ff789,540320,0,Anta (departamento),page,199887,Categoria:!Esboços sobre geografia da Argentina,Waiting
352,60b377eff25e4f45f45ff78a,532775,0,Antelo,page,199887,Categoria:!Esboços sobre geografia da Argentina,Waiting
353,60b377eff25e4f45f45ff78b,2352589,0,Antofagasta de la Sierra,page,199887,Categoria:!Esboços sobre geografia da Argentina,Waiting
354,60b377eff25e4f45f45ff78c,2242469,0,Antofagasta de la Sierra (departamento),page,199887,Categoria:!Esboços sobre geografia da Argentina,Waiting
355,60b377eff25e4f45f45ff78d,3385941,0,Antofalla (Catamarca),page,199887,Categoria:!Esboços sobre geografia da Argentina,Waiting
356,60b377eff25e4f45f45ff78e,540753,0,Apolinario Saravia,page,199887,Categoria:!Esboços sobre geografia da Argentina,Waiting
357,60b377eff25e4f45f45ff78f,2348986,0,Apolinario Saravia (Salta),page,199887,Categoria:!Esboços sobre geografia da Argentina,Waiting
358,60b377eff25e4f45f45ff790,1986275,0,Apóstoles (departamento),page,199887,Categoria:!Esboços sobre geografia da Argentina,Waiting
359,60b377eff25e4f45f45ff791,199939,0,Apóstoles (Misiones),page,199887,Categoria:!Esboços sobre geografia da Argentina,Waiting
360,60b377eff25e4f45f45ff792,532547,0,Aranguren (Entre Ríos),page,199887,Categoria:!Esboços sobre geografia da Argentina,Waiting
361,60b377eff25e4f45f45ff793,1829167,0,Arano (Buenos Aires),page,199887,Categoria:!Esboços sobre geografia da Argentina,Waiting
362,60b377eff25e4f45f45ff794,529678,0,Arauco (departamento),page,199887,Categoria:!Esboços sobre geografia da Argentina,Waiting
363,60b377eff25e4f45f45ff795,1865828,0,Área Reserva Cinturón Ecológico,page,199887,Categoria:!Esboços sobre geografia da Argentina,Waiting
364,60b377eff25e4f45f45ff796,538107,0,Arequito,page,199887,Categoria:!Esboços sobre geografia da Argentina,Waiting
365,60b377eff25e4f45f45ff797,529737,0,Arias,page,199887,Categoria:!Esboços sobre geografia da Argentina,Waiting
366,60b377eff25e4f45f45ff798,1865862,0,Ariel (Argentina),page,199887,Categoria:!Esboços sobre geografia da Argentina,Waiting
367,60b377eff25e4f45f45ff799,199944,0,Aristóbulo del Valle (Misiones),page,199887,Categoria:!Esboços sobre geografia da Argentina,Waiting
368,60b377eff25e4f45f45ff79a,538110,0,Arocena,page,199887,Categoria:!Esboços sobre geografia da Argentina,Waiting
369,60b377eff25e4f45f45ff79b,535417,0,Arrecifes (município),page,199887,Categoria:!Esboços sobre geografia da Argentina,Waiting
370,60b377eff25e4f45f45ff79c,529738,0,Arroyito,page,199887,Categoria:!Esboços sobre geografia da Argentina,Waiting
371,60b377eff25e4f45f45ff79d,538113,0,Arroyo Aguiar,page,199887,Categoria:!Esboços sobre geografia da Argentina,Waiting
372,60b377eff25e4f45f45ff79e,529739,0,Arroyo Algodón,page,199887,Categoria:!Esboços sobre geografia da Argentina,Waiting
373,60b377eff25e4f45f45ff79f,532643,0,Arroyo Barú,page,199887,Categoria:!Esboços sobre geografia da Argentina,Waiting
374,60b377eff25e4f45f45ff7a0,529740,0,Arroyo Cabral,page,199887,Categoria:!Esboços sobre geografia da Argentina,Waiting
375,60b377eff25e4f45f45ff7a1,538114,0,Arroyo Ceibal,page,199887,Categoria:!Esboços sobre geografia da Argentina,Waiting
376,60b377eff25e4f45f45ff7a2,532777,0,Arroyo Clé,page,199887,Categoria:!Esboços sobre geografia da Argentina,Waiting
377,60b377eff25e4f45f45ff7a3,532715,0,Arroyo Corralito,page,199887,Categoria:!Esboços sobre geografia da Argentina,Waiting
378,60b377eff25e4f45f45ff7a4,530678,0,Arroyo de los Patos,page,199887,Categoria:!Esboços sobre geografia da Argentina,Waiting
379,60b377eff25e4f45f45ff7a5,199949,0,Arroyo del Medio,page,199887,Categoria:!Esboços sobre geografia da Argentina,Waiting
380,60b377eff25e4f45f45ff7a6,532778,0,Arroyo del Medio (Entre Ríos),page,199887,Categoria:!Esboços sobre geografia da Argentina,Waiting
381,60b377eff25e4f45f45ff7a7,6414667,0,Arroyo Dulce,page,199887,Categoria:!Esboços sobre geografia da Argentina,Waiting
382,60b377eff25e4f45f45ff7a8,538115,0,Arroyo Leyes,page,199887,Categoria:!Esboços sobre geografia da Argentina,Waiting
383,60b377eff25e4f45f45ff7a9,532780,0,Arroyo Maturrango,page,199887,Categoria:!Esboços sobre geografia da Argentina,Waiting
384,60b377eff25e4f45f45ff7aa,1866514,0,Arroyo Napostá,page,199887,Categoria:!Esboços sobre geografia da Argentina,Waiting
385,60b377eff25e4f45f45ff7ab,532781,0,Arroyo Palo Seco,page,199887,Categoria:!Esboços sobre geografia da Argentina,Waiting
386,60b377eff25e4f45f45ff7ac,537409,0,Arroyo Seco,page,199887,Categoria:!Esboços sobre geografia da Argentina,Waiting
387,60b377eff25e4f45f45ff7ad,538117,0,Arrufó,page,199887,Categoria:!Esboços sobre geografia da Argentina,Waiting
388,60b377eff25e4f45f45ff7ae,538118,0,Arteaga (Santa Fé),page,199887,Categoria:!Esboços sobre geografia da Argentina,Waiting
389,60b377eff25e4f45f45ff7af,1829163,0,Arturo Vatteone,page,199887,Categoria:!Esboços sobre geografia da Argentina,Waiting
390,60b377eff25e4f45f45ff7b0,530679,0,Assunta,page,199887,Categoria:!Esboços sobre geografia da Argentina,Waiting
391,60b377eff25e4f45f45ff7b1,530680,0,Atahona,page,199887,Categoria:!Esboços sobre geografia da Argentina,Waiting
392,60b377eff25e4f45f45ff7b2,538120,0,Ataliva,page,199887,Categoria:!Esboços sobre geografia da Argentina,Waiting
393,60b377eff25e4f45f45ff7b3,534200,0,Ataliva Roca,page,199887,Categoria:!Esboços sobre geografia da Argentina,Waiting
394,60b377eff25e4f45f45ff7b4,2258749,0,Atamisqui (departamento),page,199887,Categoria:!Esboços sobre geografia da Argentina,Waiting
395,60b377eff25e4f45f45ff7b5,2277127,0,Atreucó (departamento),page,199887,Categoria:!Esboços sobre geografia da Argentina,Waiting
396,60b377eff25e4f45f45ff7b6,529741,0,Ausonia (Córdova),page,199887,Categoria:!Esboços sobre geografia da Argentina,Waiting
397,60b377eff25e4f45f45ff7b7,1127538,0,Avellaneda (Buenos Aires),page,199887,Categoria:!Esboços sobre geografia da Argentina,Waiting
398,60b377eff25e4f45f45ff7b8,530681,0,Avellaneda (Córdova),page,199887,Categoria:!Esboços sobre geografia da Argentina,Waiting
399,60b377eff25e4f45f45ff7b9,2254638,0,Avellaneda (departamento de Río Negro),page,199887,Categoria:!Esboços sobre geografia da Argentina,Waiting
400,60b377eff25e4f45f45ff7ba,2254644,0,Avellaneda (departamento de Santiago del Estero),page,199887,Categoria:!Esboços sobre geografia da Argentina,Waiting
401,60b377eff25e4f45f45ff7bb,1829162,0,Avestruz (Buenos Aires),page,199887,Categoria:!Esboços sobre geografia da Argentina,Waiting
402,60b377eff25e4f45f45ff7bc,2348920,0,Avia Terai,page,199887,Categoria:!Esboços sobre geografia da Argentina,Waiting
403,60b377eff25e4f45f45ff7bd,1865833,0,Ayacucho (Buenos Aires),page,199887,Categoria:!Esboços sobre geografia da Argentina,Waiting
404,60b377eff25e4f45f45ff7be,1511624,0,Ayacucho (departamento),page,199887,Categoria:!Esboços sobre geografia da Argentina,Waiting
405,60b377eff25e4f45f45ff7bf,535420,0,Ayacucho (município),page,199887,Categoria:!Esboços sobre geografia da Argentina,Waiting
406,60b377eff25e4f45f45ff7c0,199953,0,Azara (Misiones),page,199887,Categoria:!Esboços sobre geografia da Argentina,Waiting
407,60b377eff25e4f45f45ff7c1,535421,0,Azul (município),page,199887,Categoria:!Esboços sobre geografia da Argentina,Waiting
408,60b377eff25e4f45f45ff7c2,1127456,0,Bahía Blanca,page,199887,Categoria:!Esboços sobre geografia da Argentina,Waiting
409,60b377eff25e4f45f45ff7c3,5493150,0,Baía de Samborombón,page,199887,Categoria:!Esboços sobre geografia da Argentina,Waiting
410,60b377eff25e4f45f45ff7c4,351387,0,Balcarce (Buenos Aires),page,199887,Categoria:!Esboços sobre geografia da Argentina,Waiting
411,60b377eff25e4f45f45ff7c5,535423,0,Balcarce (município),page,199887,Categoria:!Esboços sobre geografia da Argentina,Waiting
412,60b377eff25e4f45f45ff7c6,529742,0,Ballesteros,page,199887,Categoria:!Esboços sobre geografia da Argentina,Waiting
413,60b377eff25e4f45f45ff7c7,529743,0,Ballesteros Sud,page,199887,Categoria:!Esboços sobre geografia da Argentina,Waiting
414,60b377eff25e4f45f45ff7c8,2352595,0,Bañado de Ovanta,page,199887,Categoria:!Esboços sobre geografia da Argentina,Waiting
415,60b377eff25e4f45f45ff7c9,530682,0,Bañado de Soto,page,199887,Categoria:!Esboços sobre geografia da Argentina,Waiting
416,60b377eff25e4f45f45ff7ca,2348866,0,Banco Payaguá,page,199887,Categoria:!Esboços sobre geografia da Argentina,Waiting
417,60b377eff25e4f45f45ff7cb,2258751,0,Banda (departamento),page,199887,Categoria:!Esboços sobre geografia da Argentina,Waiting
418,60b377eff25e4f45f45ff7cc,2334481,0,Banda del Río Salí,page,199887,Categoria:!Esboços sobre geografia da Argentina,Waiting
419,60b377eff25e4f45f45ff7cd,1127482,0,Baradero,page,199887,Categoria:!Esboços sobre geografia da Argentina,Waiting
420,60b377eff25e4f45f45ff7ce,535424,0,Baradero (município),page,199887,Categoria:!Esboços sobre geografia da Argentina,Waiting
421,60b377eff25e4f45f45ff7cf,41542,0,Bariloche,page,199887,Categoria:!Esboços sobre geografia da Argentina,Waiting
422,60b377eff25e4f45f45ff7d0,2272942,0,Bariloche (departamento),page,199887,Categoria:!Esboços sobre geografia da Argentina,Waiting
423,60b377eff25e4f45f45ff7d1,1866577,0,Barker (Buenos Aires),page,199887,Categoria:!Esboços sobre geografia da Argentina,Waiting
424,60b377eff25e4f45f45ff7d2,198056,0,Barracas (Buenos Aires),page,199887,Categoria:!Esboços sobre geografia da Argentina,Waiting
425,60b377eff25e4f45f45ff7d3,538123,0,Barrancas,page,199887,Categoria:!Esboços sobre geografia da Argentina,Waiting
426,60b377eff25e4f45f45ff7d4,2297381,0,Barrio Banco Provincia,page,199887,Categoria:!Esboços sobre geografia da Argentina,Waiting
427,60b377eff25e4f45f45ff7d5,2297382,0,Barrio El Carmen,page,199887,Categoria:!Esboços sobre geografia da Argentina,Waiting
428,60b377eff25e4f45f45ff7d6,2298718,0,Barrio Los Pioneros (Argentina),page,199887,Categoria:!Esboços sobre geografia da Argentina,Waiting
429,60b377eff25e4f45f45ff7d7,2297383,0,Barrio Universitario (Argentina),page,199887,Categoria:!Esboços sobre geografia da Argentina,Waiting
430,60b377eff25e4f45f45ff7d8,2348875,0,Bartolomé de las Casas (Formosa),page,199887,Categoria:!Esboços sobre geografia da Argentina,Waiting
431,60b377eff25e4f45f45ff7d9,2348960,0,Basail,page,199887,Categoria:!Esboços sobre geografia da Argentina,Waiting
432,60b377eff25e4f45f45ff7da,532484,0,Basavilbaso,page,199887,Categoria:!Esboços sobre geografia da Argentina,Waiting
433,60b377eff25e4f45f45ff7db,538124,0,Bauer y Sigel,page,199887,Categoria:!Esboços sobre geografia da Argentina,Waiting
434,60b377eff25e4f45f45ff7dc,2334482,0,Bela Vista (Tucumã),page,199887,Categoria:!Esboços sobre geografia da Argentina,Waiting
435,60b377eff25e4f45f45ff7dd,2352561,0,Belén (Catamarca),page,199887,Categoria:!Esboços sobre geografia da Argentina,Waiting
436,60b377eff25e4f45f45ff7de,2242470,0,Belén (departamento),page,199887,Categoria:!Esboços sobre geografia da Argentina,Waiting
437,60b377eff25e4f45f45ff7df,1127526,0,Belén de Escobar,page,199887,Categoria:!Esboços sobre geografia da Argentina,Waiting
438,60b377eff25e4f45f45ff7e0,984059,0,Belgrano (Buenos Aires),page,199887,Categoria:!Esboços sobre geografia da Argentina,Waiting
439,60b377eff25e4f45f45ff7e1,2255687,0,Belgrano (departamento de San Luis),page,199887,Categoria:!Esboços sobre geografia da Argentina,Waiting
440,60b377eff25e4f45f45ff7e2,536677,0,Belgrano (departamento de Santa Fé),page,199887,Categoria:!Esboços sobre geografia da Argentina,Waiting
441,60b377eff25e4f45f45ff7e3,2255688,0,Belgrano (departamento de Santiago del Estero),page,199887,Categoria:!Esboços sobre geografia da Argentina,Waiting
442,60b377eff25e4f45f45ff7e4,529745,0,Bell Ville,page,199887,Categoria:!Esboços sobre geografia da Argentina,Waiting
443,60b377eff25e4f45f45ff7e5,1127541,0,Bella Vista (Buenos Aires),page,199887,Categoria:!Esboços sobre geografia da Argentina,Waiting
444,60b377eff25e4f45f45ff7e6,2349053,0,Bella Vista (Corrientes),page,199887,Categoria:!Esboços sobre geografia da Argentina,Waiting
445,60b377eff25e4f45f45ff7e7,1311951,0,Bella Vista (departamento),page,199887,Categoria:!Esboços sobre geografia da Argentina,Waiting
446,60b377eff25e4f45f45ff7e8,2298812,0,Bellocq (Argentina),page,199887,Categoria:!Esboços sobre geografia da Argentina,Waiting
447,60b377eff25e4f45f45ff7e9,529746,0,Bengolea,page,199887,Categoria:!Esboços sobre geografia da Argentina,Waiting
448,60b377eff25e4f45f45ff7ea,1866578,0,Benito Juárez (Argentina),page,199887,Categoria:!Esboços sobre geografia da Argentina,Waiting
449,60b377eff25e4f45f45ff7eb,535425,0,Benito Juárez (município),page,199887,Categoria:!Esboços sobre geografia da Argentina,Waiting
450,60b377eff25e4f45f45ff7ec,529747,0,Benjamín Gould,page,199887,Categoria:!Esboços sobre geografia da Argentina,Waiting
451,60b377eff25e4f45f45ff7ed,538126,0,Berabevú,page,199887,Categoria:!Esboços sobre geografia da Argentina,Waiting
452,60b377eff25e4f45f45ff7ee,2297378,0,Berisso,page,199887,Categoria:!Esboços sobre geografia da Argentina,Waiting
453,60b377eff25e4f45f45ff7ef,535428,0,Berisso (município),page,199887,Categoria:!Esboços sobre geografia da Argentina,Waiting
454,60b377eff25e4f45f45ff7f0,2255789,0,Bermejo (departamento de Formosa),page,199887,Categoria:!Esboços sobre geografia da Argentina,Waiting
455,60b377eff25e4f45f45ff7f1,2248723,0,Bermejo (departamento do Chaco),page,199887,Categoria:!Esboços sobre geografia da Argentina,Waiting
456,60b377eff25e4f45f45ff7f2,538127,0,Berna (Santa Fé),page,199887,Categoria:!Esboços sobre geografia da Argentina,Waiting
457,60b377eff25e4f45f45ff7f3,2197934,0,Bernal (Argentina),page,199887,Categoria:!Esboços sobre geografia da Argentina,Waiting
458,60b377eff25e4f45f45ff7f4,1000266,0,Bernardo de Irigoyen,page,199887,Categoria:!Esboços sobre geografia da Argentina,Waiting
459,60b377eff25e4f45f45ff7f5,538128,0,Bernardo de Irigoyen (Santa Fé),page,199887,Categoria:!Esboços sobre geografia da Argentina,Waiting
460,60b377f1f25e4f45f45ff7f6,36251,0,Demografia da Argentina,page,439525,Categoria:Demografia da Argentina,Waiting
461,60b377f1f25e4f45f45ff7f7,4641984,0,Emigração Argentina,page,439525,Categoria:Demografia da Argentina,Waiting
462,60b377f1f25e4f45f45ff7f8,1312013,0,Instituto Nacional de Estatística e Censos da Argentina,page,439525,Categoria:Demografia da Argentina,Waiting
463,60b377f1f25e4f45f45ff7f9,3153830,0,Lista de províncias argentinas por população,page,439525,Categoria:Demografia da Argentina,Waiting
464,60b377f1f25e4f45f45ff7fa,2636499,0,Urbanização na Argentina,page,439525,Categoria:Demografia da Argentina,Waiting
465,60b377f4f25e4f45f45ff807,4954826,0,Formação de Los Alamitos,page,2464777,Categoria:Geologia da Argentina,Waiting
466,60b377f6f25e4f45f45ff80b,5511990,0,Regiões da Argentina,page,5359760,Categoria:Listas de geografia da Argentina,Waiting
467,60b377f7f25e4f45f45ff80d,529726,0,Alcira Gigena,page,2039114,Categoria:Localidades da Argentina,Waiting
468,60b377f7f25e4f45f45ff80e,5750254,0,Henderson (Buenos Aires),page,2039114,Categoria:Localidades da Argentina,Waiting
469,60b377f7f25e4f45f45ff80f,2192999,0,Perito Moreno (Santa Cruz),page,2039114,Categoria:Localidades da Argentina,Waiting
470,60b377f9f25e4f45f45ff81f,43999,0,Pampa,page,2547449,Categoria:Meio ambiente da Argentina,Waiting
471,60b377fbf25e4f45f45ff828,148807,0,Chaco,page,5079160,Categoria:Pradarias da Argentina,Waiting
472,60b377fbf25e4f45f45ff829,3848753,0,Puna (ecorregião),page,5079160,Categoria:Pradarias da Argentina,Waiting
473,60b377fcf25e4f45f45ff82a,5511988,0,Divisões administrativas da Argentina,page,1498369,Categoria:Subdivisões da Argentina,Waiting
474,60b377fcf25e4f45f45ff82b,2138415,0,Departamentos da Argentina,page,1498369,Categoria:Subdivisões da Argentina,Waiting
475,60b377fcf25e4f45f45ff82c,2488358,0,Município (Argentina),page,1498369,Categoria:Subdivisões da Argentina,Waiting
476,60b377fcf25e4f45f45ff82d,5511990,0,Regiões da Argentina,page,1498369,Categoria:Subdivisões da Argentina,Waiting
477,60b377fcf25e4f45f45ff82e,100626,0,Subdivisões da Argentina,page,1498369,Categoria:Subdivisões da Argentina,Waiting
478,60b377fef25e4f45f45ff835,5493150,0,Baía de Samborombón,page,4152823,Categoria:Corpos de água da Argentina,Waiting
479,60b377fff25e4f45f45ff838,1557126,0,Rio Bermejo,page,65861,Categoria:Rios da Argentina,Waiting
480,60b377fff25e4f45f45ff839,2897323,0,Rio Chubut,page,65861,Categoria:Rios da Argentina,Waiting
481,60b377fff25e4f45f45ff83a,2049720,0,Rio Colorado (Argentina),page,65861,Categoria:Rios da Argentina,Waiting
482,60b377fff25e4f45f45ff83b,5721011,0,Delta do Paraná,page,65861,Categoria:Rios da Argentina,Waiting
483,60b377fff25e4f45f45ff83c,2192806,0,Rio Deseado,page,65861,Categoria:Rios da Argentina,Waiting
484,60b377fff25e4f45f45ff83d,51554,0,Rio Iguaçu,page,65861,Categoria:Rios da Argentina,Waiting
485,60b377fff25e4f45f45ff83e,5818306,0,Livre navegação dos rios da Argentina,page,65861,Categoria:Rios da Argentina,Waiting
486,60b377fff25e4f45f45ff83f,6397401,0,Rio Luján,page,65861,Categoria:Rios da Argentina,Waiting
487,60b377fff25e4f45f45ff840,2845656,0,Rio Matanza-Riachuelo,page,65861,Categoria:Rios da Argentina,Waiting
488,60b377fff25e4f45f45ff841,4394501,0,Rio Mendoza,page,65861,Categoria:Rios da Argentina,Waiting
489,60b377fff25e4f45f45ff842,2192778,0,Rio Negro (Argentina),page,65861,Categoria:Rios da Argentina,Waiting
490,60b377fff25e4f45f45ff843,73435,0,Rio Peperi-Guaçu,page,65861,Categoria:Rios da Argentina,Waiting
491,60b377fff25e4f45f45ff844,1328369,0,Rio Pilcomayo,page,65861,Categoria:Rios da Argentina,Waiting
492,60b377fff25e4f45f45ff845,503316,0,Rio Pinturas,page,65861,Categoria:Rios da Argentina,Waiting
493,60b377fff25e4f45f45ff846,5777534,0,Rio Pipo,page,65861,Categoria:Rios da Argentina,Waiting
494,60b377fff25e4f45f45ff847,164837,0,Rio da Prata,page,65861,Categoria:Rios da Argentina,Waiting
495,60b377fff25e4f45f45ff848,1747333,0,Rio Salado,page,65861,Categoria:Rios da Argentina,Waiting
496,60b377fff25e4f45f45ff849,1524248,0,Rio Santo Antônio (Paraná),page,65861,Categoria:Rios da Argentina,Waiting
497,60b37801f25e4f45f45ff84f,5412010,0,Casablanca (vulcão),page,5412037,Categoria:Zona vulcânica do Sul,Waiting
